SSIP,SDFP,SDFB,SFE,RFIP,ENTROPY
5,2.141600131809735,196.02729012906858,5,1.0,1.064639674691629
